model,score,data_name,num_train,random_state,task
carte-gnn,0.0374823996238734,wina_pl,32,3,regression
carte-gnn,0.0779481484257381,wina_pl,32,7,regression
carte-gnn,0.1018229603303179,wina_pl,32,2,regression
carte-gnn,0.1591534004740952,wina_pl,32,1,regression
carte-gnn,0.036779268545709,wina_pl,32,4,regression
carte-gnn,0.1909137686128882,wina_pl,32,6,regression
carte-gnn,-0.0073091204281852,wina_pl,32,5,regression
carte-gnn,0.1924514398839153,wina_pl,32,10,regression
carte-gnn,0.1454069571896272,wina_pl,32,9,regression
carte-gnn,0.2364081536477206,wina_pl,32,8,regression
carte-gnn,0.2983409080376062,wina_pl,64,5,regression
carte-gnn,0.2835596013237084,wina_pl,64,4,regression
carte-gnn,0.2332835395726409,wina_pl,64,2,regression
carte-gnn,0.1932168437084755,wina_pl,64,1,regression
carte-gnn,0.2289276016269282,wina_pl,64,3,regression
carte-gnn,0.3534187975672397,wina_pl,64,8,regression
carte-gnn,0.2744990234304163,wina_pl,64,6,regression
carte-gnn,0.3200926856296656,wina_pl,64,9,regression
carte-gnn,0.3658609678178621,wina_pl,64,10,regression
carte-gnn,0.2403915463220848,wina_pl,64,7,regression
carte-gnn,0.3955939456264373,wina_pl,128,3,regression
carte-gnn,0.4288808078270729,wina_pl,128,2,regression
carte-gnn,0.3804374874184418,wina_pl,128,8,regression
carte-gnn,0.426727522142224,wina_pl,128,4,regression
carte-gnn,0.3569649546335703,wina_pl,128,1,regression
carte-gnn,0.4346599184812131,wina_pl,128,6,regression
carte-gnn,0.435440532608721,wina_pl,128,10,regression
carte-gnn,0.5101809751625439,wina_pl,256,10,regression
carte-gnn,0.4899574193323575,wina_pl,128,7,regression
carte-gnn,0.4805205079219278,wina_pl,256,1,regression
carte-gnn,0.4297125571226218,wina_pl,128,5,regression
carte-gnn,0.4117055785406769,wina_pl,128,9,regression
carte-gnn,0.5110000828234862,wina_pl,256,8,regression
carte-gnn,0.5421544392268658,wina_pl,256,2,regression
carte-gnn,0.5226589560234554,wina_pl,256,5,regression
carte-gnn,0.4714302473560311,wina_pl,256,9,regression
carte-gnn,0.5510281829095369,wina_pl,256,7,regression
carte-gnn,0.5010672872610684,wina_pl,256,6,regression
carte-gnn,0.5172739647939577,wina_pl,256,3,regression
carte-gnn,0.5786120346026443,wina_pl,512,2,regression
carte-gnn,0.506305172032581,wina_pl,256,4,regression
carte-gnn,0.5831373328606997,wina_pl,512,3,regression
carte-gnn,0.6259729690008791,wina_pl,512,4,regression
carte-gnn,0.6007911090555207,wina_pl,512,1,regression
carte-gnn,0.6166757936355132,wina_pl,512,7,regression
carte-gnn,0.5964259284895266,wina_pl,512,5,regression
carte-gnn,0.596736549561389,wina_pl,512,6,regression
carte-gnn,0.5927000252580843,wina_pl,512,10,regression
carte-gnn,0.6162282899470759,wina_pl,512,8,regression
carte-gnn,0.6202914271605109,wina_pl,512,9,regression
carte-gnn,0.7014959142398345,wina_pl,1024,2,regression
carte-gnn,0.6838148801546311,wina_pl,1024,1,regression
carte-gnn,0.6462362677321303,wina_pl,1024,3,regression
carte-gnn,0.6753181491265339,wina_pl,1024,4,regression
carte-gnn,0.6859939497013567,wina_pl,1024,5,regression
carte-gnn,0.6712001802269417,wina_pl,1024,9,regression
carte-gnn,0.6911216799309741,wina_pl,1024,10,regression
carte-gnn,0.6501541257483262,wina_pl,1024,8,regression
carte-gnn,0.6706380868842237,wina_pl,1024,6,regression
carte-gnn,0.732044491129619,wina_pl,2048,3,regression
carte-gnn,0.6880478389374172,wina_pl,1024,7,regression
carte-gnn,0.8407177614957326,wina_pl,2048,4,regression
carte-gnn,0.7131765365886348,wina_pl,2048,5,regression
carte-gnn,0.7439323855049462,wina_pl,2048,10,regression
carte-gnn,0.7980946129235915,wina_pl,2048,7,regression
carte-gnn,0.760268115653723,wina_pl,2048,2,regression
carte-gnn,0.755310034535405,wina_pl,2048,9,regression
carte-gnn,0.7664262785271012,wina_pl,2048,8,regression
carte-gnn,0.7429166018449089,wina_pl,2048,1,regression
carte-gnn,0.726156180945692,wina_pl,2048,6,regression
carte-gnn,0.3051681397744811,wine_dot_com_prices,32,6,regression
carte-gnn,0.273194130469124,wine_dot_com_prices,32,1,regression
carte-gnn,0.1706894693570898,wine_dot_com_prices,32,10,regression
carte-gnn,0.4265814845433455,wine_dot_com_prices,32,2,regression
carte-gnn,0.4347621326883685,wine_dot_com_prices,32,4,regression
carte-gnn,0.361711708464368,wine_dot_com_prices,32,8,regression
carte-gnn,0.4197229960063515,wine_dot_com_prices,32,5,regression
carte-gnn,0.3806142965591235,wine_dot_com_prices,32,9,regression
carte-gnn,0.2843260495670696,wine_dot_com_prices,32,3,regression
carte-gnn,0.267858821760693,wine_dot_com_prices,32,7,regression
carte-gnn,0.4862784940394524,wine_dot_com_prices,64,1,regression
carte-gnn,0.5360028365659916,wine_dot_com_prices,64,2,regression
carte-gnn,0.5163586576174874,wine_dot_com_prices,64,4,regression
carte-gnn,0.4775766405996908,wine_dot_com_prices,64,9,regression
carte-gnn,0.3863260253984261,wine_dot_com_prices,64,3,regression
carte-gnn,0.5280163456242688,wine_dot_com_prices,64,5,regression
carte-gnn,0.5405143678525322,wine_dot_com_prices,64,7,regression
carte-gnn,0.4707022897467369,wine_dot_com_prices,64,6,regression
carte-gnn,0.5166864418878117,wine_dot_com_prices,64,8,regression
carte-gnn,0.4911082609781874,wine_dot_com_prices,64,10,regression
carte-gnn,0.5925886804158991,wine_dot_com_prices,128,1,regression
carte-gnn,0.5449178944813313,wine_dot_com_prices,128,2,regression
carte-gnn,0.6041288887084204,wine_dot_com_prices,128,4,regression
carte-gnn,0.5125417055903007,wine_dot_com_prices,128,3,regression
carte-gnn,0.5209844307482381,wine_dot_com_prices,128,8,regression
carte-gnn,0.5712917049062918,wine_dot_com_prices,128,7,regression
carte-gnn,0.5756735196682328,wine_dot_com_prices,128,9,regression
carte-gnn,0.5744338603778963,wine_dot_com_prices,128,5,regression
carte-gnn,0.5720043312881344,wine_dot_com_prices,128,6,regression
carte-gnn,0.5614657648760579,wine_dot_com_prices,128,10,regression
carte-gnn,0.6411227765289664,wine_dot_com_prices,256,1,regression
carte-gnn,0.6384588648038779,wine_dot_com_prices,256,2,regression
carte-gnn,0.6211849244129244,wine_dot_com_prices,256,9,regression
carte-gnn,0.6230991064980349,wine_dot_com_prices,256,6,regression
carte-gnn,0.661680074502577,wine_dot_com_prices,256,4,regression
carte-gnn,0.6272666769814226,wine_dot_com_prices,256,8,regression
carte-gnn,0.6283624042844047,wine_dot_com_prices,256,3,regression
carte-gnn,0.6592449986379934,wine_dot_com_prices,256,5,regression
carte-gnn,0.655414877202056,wine_dot_com_prices,256,7,regression
carte-gnn,0.6261247671345116,wine_dot_com_prices,256,10,regression
carte-gnn,0.6847339421651806,wine_dot_com_prices,512,1,regression
carte-gnn,0.683980439182249,wine_dot_com_prices,512,5,regression
carte-gnn,0.7106468962641983,wine_dot_com_prices,512,3,regression
carte-gnn,0.6773886021826226,wine_dot_com_prices,512,2,regression
carte-gnn,0.6694186146471994,wine_dot_com_prices,512,4,regression
carte-gnn,0.6832635615752234,wine_dot_com_prices,512,7,regression
carte-gnn,0.6849139563389972,wine_dot_com_prices,512,8,regression
carte-gnn,0.696371567583588,wine_dot_com_prices,512,9,regression
carte-gnn,0.6639990418303824,wine_dot_com_prices,512,6,regression
carte-gnn,0.6618943320549839,wine_dot_com_prices,512,10,regression
carte-gnn,0.7363811717491653,wine_dot_com_prices,1024,1,regression
carte-gnn,0.7294747865795812,wine_dot_com_prices,1024,10,regression
carte-gnn,0.7358566073669723,wine_dot_com_prices,1024,5,regression
carte-gnn,0.7238324014574542,wine_dot_com_prices,1024,6,regression
carte-gnn,0.7442888677407663,wine_dot_com_prices,1024,9,regression
carte-gnn,0.7368342445881952,wine_dot_com_prices,1024,4,regression
carte-gnn,0.7330238412492384,wine_dot_com_prices,1024,7,regression
carte-gnn,0.7391385672755071,wine_dot_com_prices,1024,2,regression
carte-gnn,0.7435571111081758,wine_dot_com_prices,1024,8,regression
carte-gnn,0.7301306655067373,wine_dot_com_prices,1024,3,regression
carte-gnn,0.7678897621903509,wine_dot_com_prices,2048,1,regression
carte-gnn,0.7660647224879441,wine_dot_com_prices,2048,5,regression
carte-gnn,0.7731903096346631,wine_dot_com_prices,2048,4,regression
carte-gnn,0.7812270326334917,wine_dot_com_prices,2048,2,regression
carte-gnn,0.7728620976477937,wine_dot_com_prices,2048,7,regression
carte-gnn,0.7713089931153599,wine_dot_com_prices,2048,6,regression
carte-gnn,0.7662010614889379,wine_dot_com_prices,2048,8,regression
carte-gnn,0.7759710241147395,wine_dot_com_prices,2048,3,regression
carte-gnn,0.7597578521627686,wine_dot_com_prices,2048,10,regression
carte-gnn,0.7801354986361199,wine_dot_com_prices,2048,9,regression
carte-gnn,0.530074155202328,wine_vivino_price,32,10,regression
carte-gnn,0.5381316599490782,wine_vivino_price,32,1,regression
carte-gnn,0.3133292618945773,wine_vivino_price,32,7,regression
carte-gnn,0.4081994950688183,wine_vivino_price,32,5,regression
carte-gnn,0.5938157623165354,wine_vivino_price,32,6,regression
carte-gnn,0.6163806514726234,wine_vivino_price,32,8,regression
carte-gnn,0.4615886566950991,wine_vivino_price,32,4,regression
carte-gnn,0.600628521936704,wine_vivino_price,32,9,regression
carte-gnn,0.590585011717388,wine_vivino_price,32,2,regression
carte-gnn,0.4975613941729592,wine_vivino_price,32,3,regression
carte-gnn,0.6112684058793136,wine_vivino_price,64,1,regression
carte-gnn,0.6455810661499578,wine_vivino_price,64,2,regression
carte-gnn,0.6120333435956498,wine_vivino_price,64,9,regression
carte-gnn,0.6261622742178138,wine_vivino_price,64,8,regression
carte-gnn,0.6369102037357093,wine_vivino_price,64,4,regression
carte-gnn,0.532378921723184,wine_vivino_price,64,7,regression
carte-gnn,0.5855557889509976,wine_vivino_price,64,10,regression
carte-gnn,0.6465248762121665,wine_vivino_price,64,3,regression
carte-gnn,0.6372327468141912,wine_vivino_price,64,5,regression
carte-gnn,0.6067102582066389,wine_vivino_price,64,6,regression
carte-gnn,0.6696339784969341,wine_vivino_price,128,1,regression
carte-gnn,0.6815098586377966,wine_vivino_price,128,3,regression
carte-gnn,0.6976097985638094,wine_vivino_price,128,2,regression
carte-gnn,0.6563463550439972,wine_vivino_price,128,4,regression
carte-gnn,0.6807166653879932,wine_vivino_price,128,6,regression
carte-gnn,0.6649539619862421,wine_vivino_price,128,7,regression
carte-gnn,0.6411507877458311,wine_vivino_price,128,5,regression
carte-gnn,0.6864329782619187,wine_vivino_price,128,8,regression
carte-gnn,0.6693045483440905,wine_vivino_price,128,9,regression
carte-gnn,0.6946192849489912,wine_vivino_price,128,10,regression
carte-gnn,0.6911797564882965,wine_vivino_price,256,4,regression
carte-gnn,0.7121896843061772,wine_vivino_price,256,2,regression
carte-gnn,0.672662178325478,wine_vivino_price,256,5,regression
carte-gnn,0.7243319187505715,wine_vivino_price,256,1,regression
carte-gnn,0.7277160608372701,wine_vivino_price,256,3,regression
carte-gnn,0.7039195382782985,wine_vivino_price,256,8,regression
carte-gnn,0.7121328952955481,wine_vivino_price,256,7,regression
carte-gnn,0.7017659663741496,wine_vivino_price,256,6,regression
carte-gnn,0.7126945356198854,wine_vivino_price,256,10,regression
carte-gnn,0.7477078523456073,wine_vivino_price,512,1,regression
carte-gnn,0.6769982015542702,wine_vivino_price,256,9,regression
carte-gnn,0.731022359663445,wine_vivino_price,512,2,regression
carte-gnn,0.7550093315713802,wine_vivino_price,512,3,regression
carte-gnn,0.7236497175712546,wine_vivino_price,512,4,regression
carte-gnn,0.7359485369107128,wine_vivino_price,512,5,regression
carte-gnn,0.7483467491350779,wine_vivino_price,512,7,regression
carte-gnn,0.7319439695204568,wine_vivino_price,512,10,regression
carte-gnn,0.7252935489625056,wine_vivino_price,512,8,regression
carte-gnn,0.7375650797948643,wine_vivino_price,512,6,regression
carte-gnn,0.708356496568388,wine_vivino_price,512,9,regression
carte-gnn,0.748203157313263,wine_vivino_price,1024,2,regression
carte-gnn,0.7798168293590988,wine_vivino_price,1024,3,regression
carte-gnn,0.7724772387404739,wine_vivino_price,1024,1,regression
carte-gnn,0.7699789668822825,wine_vivino_price,1024,7,regression
carte-gnn,0.7620193919209474,wine_vivino_price,1024,5,regression
carte-gnn,0.7594830314776734,wine_vivino_price,1024,8,regression
carte-gnn,0.7554694679105062,wine_vivino_price,1024,4,regression
carte-gnn,0.7632956353848084,wine_vivino_price,1024,9,regression
carte-gnn,0.7650067100793863,wine_vivino_price,1024,6,regression
carte-gnn,0.7747533217236429,wine_vivino_price,1024,10,regression
carte-gnn,0.7971619052696514,wine_vivino_price,2048,1,regression
carte-gnn,0.7932251219184008,wine_vivino_price,2048,2,regression
carte-gnn,0.795908057878888,wine_vivino_price,2048,4,regression
carte-gnn,0.7927932715703029,wine_vivino_price,2048,8,regression
carte-gnn,0.7989680672643038,wine_vivino_price,2048,3,regression
carte-gnn,0.7904152969666511,wine_vivino_price,2048,5,regression
carte-gnn,0.7996383437790616,wine_vivino_price,2048,6,regression
carte-gnn,0.7975017535588448,wine_vivino_price,2048,9,regression
carte-gnn,0.7863581550059839,wine_vivino_price,2048,7,regression
carte-gnn,0.7932962604041922,wine_vivino_price,2048,10,regression
