date,driverId,score,target_for_offline_audit_only
2016-05-29,835,13.333333333333334,17.0
2016-03-30,3,13.333333333333334,12.333333333333334
2016-03-30,807,13.333333333333334,17.75
2016-03-30,831,13.333333333333334,11.25
2016-01-30,830,13.333333333333334,15.0
2016-01-30,814,13.333333333333334,13.0
2015-04-05,17,13.333333333333334,14.5
2014-10-07,828,13.333333333333334,17.0
2014-10-07,817,13.333333333333334,12.0
2014-08-08,820,13.333333333333334,16.75
2014-06-09,12,13.333333333333334,13.0
2014-06-09,821,13.333333333333334,3.75
2014-04-10,816,13.333333333333334,2.75
2014-02-09,816,13.333333333333334,14.0
2013-10-12,818,13.333333333333334,19.6
2013-10-12,822,13.333333333333334,19.6
2013-10-12,817,13.333333333333334,13.8
2013-08-13,819,13.333333333333334,18.25
2013-06-14,3,13.333333333333334,4.0
2013-06-14,807,13.333333333333334,10.333333333333334
2013-04-15,820,13.333333333333334,15.5
2013-02-14,818,13.333333333333334,15.333333333333334
2013-02-14,822,13.333333333333334,17.0
2013-02-14,817,13.333333333333334,11.333333333333334
2012-10-17,0,13.333333333333334,11.5
2012-08-18,17,13.333333333333334,10.8
2012-08-18,9,13.333333333333334,15.6
2012-02-20,7,13.333333333333334,8.666666666666666
2011-10-23,810,13.333333333333334,15.0
2011-10-23,815,13.333333333333334,19.333333333333332
2011-10-23,12,13.333333333333334,10.0
2011-08-24,23,13.333333333333334,21.4
2011-08-24,814,13.333333333333334,14.2
2011-08-24,4,13.333333333333334,15.2
2015-04-05,812,13.333333333333334,18.0
2012-10-17,16,13.333333333333334,12.5
2012-08-18,813,13.333333333333334,9.2
2012-08-18,812,13.333333333333334,15.0
2012-04-20,29,13.333333333333334,18.75
2010-10-28,9,13.333333333333334,21.0
2010-10-28,17,13.333333333333334,4.0
2010-08-29,1,13.333333333333334,11.666666666666666
2010-06-30,810,13.333333333333334,18.0
2010-06-30,12,13.333333333333334,7.0
2010-06-30,36,13.333333333333334,14.333333333333334
2010-05-01,810,13.333333333333334,20.8
2010-05-01,36,13.333333333333334,17.8
2010-05-01,12,13.333333333333334,8.6
2010-03-02,0,13.333333333333334,4.25
2011-02-25,15,13.333333333333334,11.666666666666666
2010-03-02,16,13.333333333333334,6.75
2010-10-28,14,13.333333333333334,20.0
2010-10-28,154,13.333333333333334,12.0
2012-08-18,154,13.333333333333334,12.0
2016-05-29,830,13.333333333333334,15.333333333333334
2016-05-29,814,13.333333333333334,8.333333333333334
2016-03-30,821,13.333333333333334,7.0
2016-03-30,12,13.333333333333334,6.75
2016-01-30,835,13.333333333333334,16.0
2015-10-02,2,13.333333333333334,4.6
2015-06-04,2,13.333333333333334,3.25
2014-10-07,816,13.333333333333334,8.0
2014-08-08,819,13.333333333333334,18.25
2014-06-09,807,13.333333333333334,11.0
2014-06-09,3,13.333333333333334,4.5
2014-04-10,817,13.333333333333334,14.75
2014-02-09,817,13.333333333333334,16.0
2013-10-12,816,13.333333333333334,12.0
2013-08-13,820,13.333333333333334,12.5
2013-06-14,821,13.333333333333334,16.0
2013-06-14,12,13.333333333333334,12.0
2013-04-15,819,13.333333333333334,18.0
2013-02-14,816,13.333333333333334,14.666666666666666
2012-06-19,0,13.333333333333334,13.0
2012-04-20,2,13.333333333333334,5.0
2012-02-20,19,13.333333333333334,6.0
2012-02-20,153,13.333333333333334,17.0
2011-10-23,3,13.333333333333334,3.0
2011-10-23,152,13.333333333333334,11.333333333333334
2011-10-23,38,13.333333333333334,17.0
2012-06-19,16,13.333333333333334,5.25
2011-06-25,4,13.333333333333334,20.0
2011-06-25,23,13.333333333333334,20.5
2011-06-25,814,13.333333333333334,11.0
2011-04-26,9,13.333333333333334,20.5
2011-04-26,17,13.333333333333334,3.25
2011-02-25,0,13.333333333333334,3.6666666666666665
2010-08-29,21,13.333333333333334,11.2
2010-06-30,152,13.333333333333334,20.0
2010-06-30,809,13.333333333333334,21.0
2010-06-30,807,13.333333333333334,9.666666666666666
2010-06-30,3,13.333333333333334,5.666666666666667
2010-05-01,807,13.333333333333334,18.4
2010-05-01,809,13.333333333333334,18.8
2010-05-01,152,13.333333333333334,11.6
2010-05-01,3,13.333333333333334,5.4
2011-04-26,812,13.333333333333334,17.25
2011-04-26,813,13.333333333333334,16.25
2011-02-25,16,13.333333333333334,4.0
2010-03-02,15,13.333333333333334,11.5
2011-04-26,14,13.333333333333334,16.5
2011-04-26,154,13.333333333333334,8.0
2016-05-29,831,13.333333333333334,10.333333333333334
2016-05-29,807,13.333333333333334,9.833333333333334
2016-05-29,3,13.333333333333334,12.166666666666666
2016-03-30,835,13.333333333333334,16.25
2016-01-30,821,13.333333333333334,8.0
2016-01-30,12,13.333333333333334,5.0
2015-10-02,816,13.333333333333334,9.4
2015-08-03,19,13.333333333333334,4.5
2015-08-03,153,13.333333333333334,10.5
2015-06-04,816,13.333333333333334,10.25
2015-04-05,829,13.333333333333334,16.0
2015-02-04,7,13.333333333333334,8.0
2015-02-04,825,13.333333333333334,12.5
2014-10-07,2,13.333333333333334,4.75
2014-08-08,7,13.333333333333334,8.25
2014-08-08,825,13.333333333333334,11.25
2014-08-08,826,13.333333333333334,22.0
2014-06-09,814,13.333333333333334,11.5
2013-10-12,2,13.333333333333334,5.4
2013-08-13,19,13.333333333333334,1.0
2013-08-13,153,13.333333333333334,10.0
2013-04-15,7,13.333333333333334,5.75
2013-02-14,2,13.333333333333334,14.333333333333334
2012-06-19,9,13.333333333333334,21.25
2012-06-19,17,13.333333333333334,6.5
2012-04-20,816,13.333333333333334,14.75
2011-10-23,23,13.333333333333334,20.5
2011-10-23,4,13.333333333333334,15.666666666666666
2011-10-23,814,13.333333333333334,11.333333333333334
2011-08-24,815,13.333333333333334,19.4
2011-08-24,12,13.333333333333334,7.2
2011-08-24,810,13.333333333333334,13.2
2012-06-19,813,13.333333333333334,13.25
2012-06-19,812,13.333333333333334,14.0
2011-06-25,3,13.333333333333334,2.0
2011-06-25,152,13.333333333333334,10.0
2011-06-25,38,13.333333333333334,24.0
2011-04-26,0,13.333333333333334,9.0
2011-02-25,9,13.333333333333334,17.333333333333332
2011-02-25,17,13.333333333333334,4.0
2010-10-28,31,13.333333333333334,21.0
2010-06-30,4,13.333333333333334,17.0
2010-06-30,23,13.333333333333334,13.333333333333334
2010-05-01,4,13.333333333333334,20.4
2010-05-01,23,13.333333333333334,12.4
2011-04-26,16,13.333333333333334,3.25
2011-02-25,812,13.333333333333334,20.666666666666668
2011-02-25,813,13.333333333333334,10.333333333333334
2010-10-28,15,13.333333333333334,12.5
2011-02-25,14,13.333333333333334,17.333333333333332
2011-02-25,154,13.333333333333334,12.666666666666666
2012-06-19,154,13.333333333333334,13.75
2016-05-29,12,13.333333333333334,14.833333333333334
2016-05-29,821,13.333333333333334,8.833333333333334
2016-03-30,830,13.333333333333334,16.25
2016-03-30,814,13.333333333333334,10.75
2016-01-30,3,13.333333333333334,21.0
2016-01-30,831,13.333333333333334,9.0
2016-01-30,807,13.333333333333334,7.0
2015-10-02,828,13.333333333333334,17.0
2015-08-03,7,13.333333333333334,4.75
2015-08-03,825,13.333333333333334,8.25
2015-06-04,828,13.333333333333334,16.0
2015-04-05,0,13.333333333333334,1.75
2015-04-05,827,13.333333333333334,12.75
2015-02-04,153,13.333333333333334,12.5
2015-02-04,19,13.333333333333334,2.0
2014-08-08,153,13.333333333333334,16.0
2014-08-08,19,13.333333333333334,4.0
2014-04-10,2,13.333333333333334,1.75
2014-02-09,2,13.333333333333334,1.6666666666666667
2013-08-13,7,13.333333333333334,9.25
2013-06-14,814,13.333333333333334,12.333333333333334
2013-04-15,153,13.333333333333334,13.75
2013-04-15,19,13.333333333333334,2.0
2012-10-17,9,13.333333333333334,17.25
2012-10-17,17,13.333333333333334,3.75
2012-08-18,0,13.333333333333334,12.6
2012-04-20,818,13.333333333333334,20.75
2012-04-20,808,13.333333333333334,18.0
2012-04-20,817,13.333333333333334,13.25
2011-08-24,3,13.333333333333334,3.6
2011-08-24,152,13.333333333333334,14.8
2012-10-17,813,13.333333333333334,13.75
2012-10-17,812,13.333333333333334,13.0
2012-08-18,16,13.333333333333334,9.6
2011-06-25,815,13.333333333333334,19.0
2011-06-25,12,13.333333333333334,5.25
2010-10-28,0,13.333333333333334,3.0
2010-08-29,66,13.333333333333334,13.4
2010-08-29,19,13.333333333333334,7.8
2010-08-29,8,13.333333333333334,8.4
2010-03-02,9,13.333333333333334,20.5
2010-03-02,17,13.333333333333334,4.25
2011-04-26,15,13.333333333333334,13.5
2010-10-28,16,13.333333333333334,5.0
2010-03-02,154,13.333333333333334,22.25
2010-03-02,14,13.333333333333334,19.0
2012-10-17,154,13.333333333333334,10.75
2016-05-29,820,13.333333333333334,13.333333333333334
2016-03-30,7,13.333333333333334,3.0
2016-03-30,825,13.333333333333334,8.75
2015-10-02,829,13.333333333333334,9.6
2015-08-03,830,13.333333333333334,13.5
2015-08-03,814,13.333333333333334,7.5
2015-08-03,832,13.333333333333334,15.5
2015-06-04,829,13.333333333333334,10.75
2015-04-05,816,13.333333333333334,6.75
2014-06-09,153,13.333333333333334,17.0
2014-06-09,19,13.333333333333334,9.25
2014-04-10,17,13.333333333333334,8.0
2014-02-09,17,13.333333333333334,8.666666666666666
2013-10-12,823,13.333333333333334,19.0
2013-08-13,814,13.333333333333334,10.25
2013-06-14,7,13.333333333333334,3.0
2013-02-14,823,13.333333333333334,14.333333333333334
2012-10-17,2,13.333333333333334,15.5
2012-08-18,816,13.333333333333334,9.8
2012-02-20,38,13.333333333333334,22.333333333333332
2012-02-20,807,13.333333333333334,15.333333333333334
2012-02-20,3,13.333333333333334,5.0
2011-10-23,19,13.333333333333334,9.0
2011-10-23,66,13.333333333333334,18.333333333333332
2011-08-24,21,13.333333333333334,14.0
2014-04-10,812,13.333333333333334,17.5
2014-02-09,812,13.333333333333334,17.0
2012-06-19,29,13.333333333333334,10.25
2011-06-25,1,13.333333333333334,16.25
2011-04-26,808,13.333333333333334,10.75
2010-06-30,8,13.333333333333334,17.0
2010-06-30,66,13.333333333333334,16.0
2010-06-30,19,13.333333333333334,4.333333333333333
2010-05-01,19,13.333333333333334,6.4
2010-05-01,8,13.333333333333334,5.8
2010-05-01,66,13.333333333333334,12.6
2010-03-02,2,13.333333333333334,4.0
2011-02-25,29,13.333333333333334,12.0
2014-04-10,154,13.333333333333334,17.5
2014-02-09,154,13.333333333333334,16.333333333333332
2016-03-30,153,13.333333333333334,12.5
2016-03-30,19,13.333333333333334,11.5
2016-01-30,820,13.333333333333334,20.0
2015-10-02,827,13.333333333333334,15.4
2015-10-02,0,13.333333333333334,1.6
2015-06-04,0,13.333333333333334,2.5
2015-06-04,827,13.333333333333334,12.0
2015-04-05,828,13.333333333333334,16.25
2015-02-04,832,13.333333333333334,15.0
2015-02-04,830,13.333333333333334,8.5
2015-02-04,814,13.333333333333334,11.5
2014-10-07,17,13.333333333333334,6.25
2014-08-08,814,13.333333333333334,8.0
2014-06-09,7,13.333333333333334,12.25
2014-06-09,825,13.333333333333334,16.25
2014-04-10,823,13.333333333333334,16.5
2014-02-09,823,13.333333333333334,16.666666666666668
2013-10-12,17,13.333333333333334,9.8
2013-06-14,153,13.333333333333334,9.333333333333334
2013-06-14,19,13.333333333333334,8.333333333333334
2013-04-15,814,13.333333333333334,10.5
2013-02-14,17,13.333333333333334,10.333333333333334
2012-08-18,808,13.333333333333334,16.2
2012-08-18,818,13.333333333333334,17.4
2012-08-18,817,13.333333333333334,14.6
2012-06-19,2,13.333333333333334,10.25
2012-04-20,0,13.333333333333334,5.5
2012-02-20,36,13.333333333333334,22.0
2012-02-20,810,13.333333333333334,9.666666666666666
2012-02-20,12,13.333333333333334,15.0
2015-10-02,833,13.333333333333334,15.0
2014-10-07,812,13.333333333333334,14.5
2013-10-12,812,13.333333333333334,14.4
2013-10-12,813,13.333333333333334,10.4
2013-02-14,812,13.333333333333334,18.0
2013-02-14,813,13.333333333333334,12.333333333333334
2012-10-17,29,13.333333333333334,14.0
2012-04-20,16,13.333333333333334,5.75
2011-06-25,21,13.333333333333334,15.25
2011-02-25,2,13.333333333333334,11.333333333333334
2010-10-28,808,13.333333333333334,11.0
2010-08-29,4,13.333333333333334,15.0
2010-08-29,23,13.333333333333334,15.0
2010-03-02,29,13.333333333333334,11.75
2014-10-07,154,13.333333333333334,19.0
2016-05-29,816,13.333333333333334,4.666666666666667
2016-03-30,834,13.333333333333334,17.5
2016-03-30,837,13.333333333333334,10.0
2015-10-02,3,13.333333333333334,14.8
2015-10-02,831,13.333333333333334,13.2
2015-10-02,807,13.333333333333334,10.6
2015-06-04,807,13.333333333333334,10.25
2015-06-04,831,13.333333333333334,14.75
2015-06-04,3,13.333333333333334,13.75
2015-02-04,17,13.333333333333334,14.0
2014-10-07,814,13.333333333333334,12.25
2014-08-08,17,13.333333333333334,9.25
2014-06-09,2,13.333333333333334,6.0
2013-10-12,814,13.333333333333334,8.4
2013-10-12,4,13.333333333333334,14.5
2013-08-13,823,13.333333333333334,17.75
2013-04-15,17,13.333333333333334,9.0
2013-02-14,814,13.333333333333334,10.333333333333334
2012-10-17,153,13.333333333333334,14.0
2012-10-17,19,13.333333333333334,3.0
2012-06-19,7,13.333333333333334,3.0
2012-04-20,38,13.333333333333334,20.5
2012-04-20,3,13.333333333333334,4.25
2012-04-20,807,13.333333333333334,10.5
2011-10-23,2,13.333333333333334,6.333333333333333
2011-08-24,808,13.333333333333334,16.0
2015-02-04,812,13.333333333333334,15.5
2014-08-08,812,13.333333333333334,15.75
2013-04-15,812,13.333333333333334,15.25
2013-04-15,813,13.333333333333334,6.75
2011-06-25,816,13.333333333333334,18.666666666666668
2011-04-26,21,13.333333333333334,12.5
2010-10-28,1,13.333333333333334,14.0
2010-08-29,9,13.333333333333334,17.0
2010-08-29,17,13.333333333333334,8.8
2010-06-30,2,13.333333333333334,11.0
2010-05-01,2,13.333333333333334,8.2
2010-03-02,66,13.333333333333334,17.25
2010-03-02,8,13.333333333333334,5.5
2010-03-02,19,13.333333333333334,7.0
2010-08-29,14,13.333333333333334,19.6
2010-08-29,154,13.333333333333334,13.6
2010-06-30,28,13.333333333333334,20.333333333333332
2014-08-08,154,13.333333333333334,19.333333333333332
2016-03-30,2,13.333333333333334,6.25
2016-01-30,816,13.333333333333334,4.0
2015-10-02,12,13.333333333333334,11.0
2015-10-02,821,13.333333333333334,10.4
2015-08-03,17,13.333333333333334,15.0
2015-06-04,12,13.333333333333334,6.25
2015-06-04,821,13.333333333333334,6.5
2014-08-08,823,13.333333333333334,18.0
2014-04-10,814,13.333333333333334,12.5
2014-02-09,814,13.333333333333334,11.666666666666666
2013-08-13,17,13.333333333333334,7.75
2013-06-14,2,13.333333333333334,9.666666666666666
2013-04-15,823,13.333333333333334,18.25
2012-10-17,7,13.333333333333334,6.0
2012-06-19,153,13.333333333333334,11.75
2012-06-19,19,13.333333333333334,8.25
2012-04-20,36,13.333333333333334,21.0
2012-04-20,810,13.333333333333334,18.0
2012-04-20,12,13.333333333333334,10.0
2012-02-20,0,13.333333333333334,3.0
2011-08-24,816,13.333333333333334,19.4
2015-08-03,812,13.333333333333334,14.75
2013-08-13,813,13.333333333333334,21.0
2013-08-13,812,13.333333333333334,13.75
2012-02-20,16,13.333333333333334,4.0
2011-10-23,29,13.333333333333334,9.0
2011-06-25,808,13.333333333333334,12.25
2011-04-26,1,13.333333333333334,10.75
2011-02-25,66,13.333333333333334,11.666666666666666
2011-02-25,19,13.333333333333334,1.3333333333333333
2010-10-28,21,13.333333333333334,13.0
2011-06-25,811,13.333333333333334,20.0
2010-06-30,29,13.333333333333334,9.666666666666666
2010-05-01,29,13.333333333333334,9.2
2016-05-29,17,13.333333333333334,13.666666666666666
2016-03-30,829,13.333333333333334,8.5
2015-10-02,7,13.333333333333334,10.0
2015-10-02,825,13.333333333333334,7.8
2015-08-03,828,13.333333333333334,16.25
2015-06-04,825,13.333333333333334,7.25
2015-06-04,7,13.333333333333334,12.25
2015-02-04,816,13.333333333333334,8.0
2014-10-07,819,13.333333333333334,21.0
2014-08-08,816,13.333333333333334,3.25
2014-06-09,827,13.333333333333334,19.25
2014-06-09,0,13.333333333333334,2.25
2014-06-09,824,13.333333333333334,8.75
2014-04-10,820,13.333333333333334,15.25
2014-02-09,820,13.333333333333334,16.0
2013-10-12,819,13.333333333333334,19.4
2013-08-13,817,13.333333333333334,16.25
2013-08-13,822,13.333333333333334,16.25
2013-08-13,818,13.333333333333334,18.0
2013-04-15,816,13.333333333333334,14.75
2013-02-14,819,13.333333333333334,16.666666666666668
2012-10-17,36,13.333333333333334,19.5
2012-10-17,810,13.333333333333334,12.75
2012-10-17,12,13.333333333333334,5.0
2012-06-19,38,13.333333333333334,21.25
2012-06-19,3,13.333333333333334,2.25
2012-06-19,807,13.333333333333334,9.25
2012-04-20,7,13.333333333333334,5.5
2011-10-23,0,13.333333333333334,10.0
2016-03-30,836,13.333333333333334,19.25
2013-06-14,15,13.333333333333334,14.0
2012-02-20,29,13.333333333333334,18.0
2011-10-23,16,13.333333333333334,3.0
2011-06-25,9,13.333333333333334,17.75
2011-06-25,17,13.333333333333334,12.25
2011-04-26,4,13.333333333333334,19.75
2011-04-26,23,13.333333333333334,18.75
2011-04-26,814,13.333333333333334,15.666666666666666
2011-02-25,152,13.333333333333334,16.333333333333332
2011-02-25,38,13.333333333333334,23.333333333333332
2011-02-25,3,13.333333333333334,5.666666666666667
2010-06-30,0,13.333333333333334,8.666666666666666
2010-05-01,0,13.333333333333334,4.6
2010-03-02,810,13.333333333333334,17.75
2010-03-02,36,13.333333333333334,18.5
2010-03-02,12,13.333333333333334,5.25
2011-06-25,812,13.333333333333334,15.5
2011-06-25,813,13.333333333333334,12.25
2010-06-30,16,13.333333333333334,2.6666666666666665
2010-05-01,16,13.333333333333334,6.8
2011-06-25,14,13.333333333333334,22.333333333333332
2011-06-25,154,13.333333333333334,14.5
2016-03-30,0,13.333333333333334,8.25
2016-03-30,827,13.333333333333334,13.5
2016-03-30,824,13.333333333333334,12.25
2016-01-30,17,13.333333333333334,14.0
2015-10-02,19,13.333333333333334,6.0
2015-10-02,153,13.333333333333334,12.4
2015-08-03,816,13.333333333333334,10.75
2015-06-04,19,13.333333333333334,3.25
2015-06-04,153,13.333333333333334,12.25
2015-04-05,832,13.333333333333334,16.75
2015-04-05,830,13.333333333333334,10.25
2015-04-05,814,13.333333333333334,9.75
2015-02-04,828,13.333333333333334,20.0
2014-10-07,820,13.333333333333334,14.5
2014-08-08,817,13.333333333333334,9.75
2014-04-10,819,13.333333333333334,18.25
2014-02-09,819,13.333333333333334,13.666666666666666
2013-10-12,820,13.333333333333334,12.2
2013-08-13,816,13.333333333333334,14.5
2013-06-14,0,13.333333333333334,3.3333333333333335
2013-04-15,822,13.333333333333334,19.75
2013-04-15,818,13.333333333333334,18.5
2013-04-15,817,13.333333333333334,14.0
2013-02-14,820,13.333333333333334,15.666666666666666
2012-10-17,38,13.333333333333334,20.75
2012-10-17,3,13.333333333333334,2.25
2012-10-17,807,13.333333333333334,11.25
2012-08-18,4,13.333333333333334,15.6
2012-08-18,814,13.333333333333334,13.2
2012-06-19,36,13.333333333333334,20.0
2012-06-19,810,13.333333333333334,10.75
2012-06-19,12,13.333333333333334,10.25
2012-04-20,153,13.333333333333334,8.25
2012-04-20,19,13.333333333333334,3.75
2012-02-20,2,13.333333333333334,8.666666666666666
2011-08-24,9,13.333333333333334,19.0
2011-08-24,17,13.333333333333334,2.4
2014-06-09,15,13.333333333333334,14.0
2013-06-14,16,13.333333333333334,4.333333333333333
2011-10-23,15,13.333333333333334,7.666666666666667
2011-08-24,812,13.333333333333334,13.6
2011-08-24,813,13.333333333333334,9.4
2011-02-25,815,13.333333333333334,17.666666666666668
2011-02-25,12,13.333333333333334,6.0
2010-10-28,23,13.333333333333334,24.0
2010-10-28,4,13.333333333333334,17.5
2010-08-29,808,13.333333333333334,14.6
2010-03-02,809,13.333333333333334,18.0
2010-03-02,807,13.333333333333334,15.25
2010-03-02,152,13.333333333333334,11.5
2010-03-02,3,13.333333333333334,5.5
2010-06-30,15,13.333333333333334,16.0
2010-05-01,15,13.333333333333334,8.0
2011-08-24,14,13.333333333333334,17.2
2011-08-24,154,13.333333333333334,14.4
2016-05-29,825,13.333333333333334,17.0
2016-05-29,7,13.333333333333334,7.5
2016-03-30,820,13.333333333333334,15.25
2016-01-30,153,13.333333333333334,6.0
2016-01-30,19,13.333333333333334,3.0
2015-10-02,17,13.333333333333334,11.0
2015-08-03,12,13.333333333333334,11.25
2015-08-03,821,13.333333333333334,5.75
2015-06-04,17,13.333333333333334,16.0
2015-02-04,3,13.333333333333334,18.0
2015-02-04,807,13.333333333333334,10.5
2015-02-04,831,13.333333333333334,8.5
2014-10-07,0,13.333333333333334,1.25
2014-10-07,824,13.333333333333334,8.25
2014-10-07,827,13.333333333333334,19.0
2014-08-08,3,13.333333333333334,13.5
2014-08-08,807,13.333333333333334,9.75
2014-06-09,819,13.333333333333334,16.5
2013-10-12,0,13.333333333333334,9.2
2013-08-13,12,13.333333333333334,6.5
2013-08-13,821,13.333333333333334,13.75
2013-06-14,820,13.333333333333334,16.333333333333332
2013-04-15,807,13.333333333333334,14.75
2013-04-15,3,13.333333333333334,4.5
2013-02-14,0,13.333333333333334,3.6666666666666665
2012-10-17,808,13.333333333333334,15.25
2012-10-17,818,13.333333333333334,17.25
2012-10-17,817,13.333333333333334,14.75
2012-06-19,816,13.333333333333334,13.0
2012-04-20,9,13.333333333333334,18.0
2012-04-20,17,13.333333333333334,14.75
2011-10-23,21,13.333333333333334,13.666666666666666
2011-08-24,19,13.333333333333334,1.4
2011-08-24,66,13.333333333333334,15.6
2015-10-02,812,13.333333333333334,11.2
2015-06-04,812,13.333333333333334,11.5
2014-04-10,15,13.333333333333334,17.5
2014-02-09,15,13.333333333333334,17.0
2013-10-12,16,13.333333333333334,5.8
2013-02-14,16,13.333333333333334,9.333333333333334
2012-08-18,29,13.333333333333334,11.6
2012-04-20,813,13.333333333333334,9.5
2012-04-20,812,13.333333333333334,15.0
2011-04-26,2,13.333333333333334,8.5
2010-08-29,809,13.333333333333334,19.4
2010-08-29,3,13.333333333333334,5.4
2010-08-29,807,13.333333333333334,12.2
2010-08-29,152,13.333333333333334,12.4
2010-06-30,21,13.333333333333334,9.0
2010-05-01,21,13.333333333333334,11.8
2010-03-02,808,13.333333333333334,16.5
2010-10-28,29,13.333333333333334,15.0
2010-03-02,811,13.333333333333334,17.5
2012-04-20,154,13.333333333333334,12.0
2016-05-29,153,13.333333333333334,13.5
2016-05-29,19,13.333333333333334,7.0
2016-01-30,825,13.333333333333334,22.0
2016-01-30,7,13.333333333333334,18.0
2015-08-03,807,13.333333333333334,13.25
2015-08-03,831,13.333333333333334,11.75
2015-08-03,3,13.333333333333334,14.75
2015-04-05,2,13.333333333333334,1.75
2015-02-04,12,13.333333333333334,5.0
2015-02-04,821,13.333333333333334,11.5
2014-08-08,821,13.333333333333334,6.0
2014-08-08,12,13.333333333333334,7.0
2014-06-09,820,13.333333333333334,17.5
2014-04-10,827,13.333333333333334,17.75
2014-04-10,0,13.333333333333334,5.25
2014-04-10,824,13.333333333333334,11.0
2014-02-09,0,13.333333333333334,7.0
2014-02-09,827,13.333333333333334,17.0
2014-02-09,824,13.333333333333334,9.666666666666666
2013-08-13,807,13.333333333333334,7.75
2013-08-13,3,13.333333333333334,3.0
2013-06-14,819,13.333333333333334,17.666666666666668
2013-04-15,821,13.333333333333334,14.0
2013-04-15,12,13.333333333333334,11.75
2012-10-17,816,13.333333333333334,12.0
2012-08-18,2,13.333333333333334,14.0
2012-06-19,818,13.333333333333334,18.5
2012-06-19,817,13.333333333333334,16.75
2012-06-19,808,13.333333333333334,18.0
2012-02-20,4,13.333333333333334,19.666666666666668
2012-02-20,814,13.333333333333334,7.0
2014-10-07,15,13.333333333333334,16.5
2013-10-12,15,13.333333333333334,13.6
2013-02-14,15,13.333333333333334,16.0
2011-06-25,19,13.333333333333334,2.25
2011-06-25,66,13.333333333333334,14.25
2011-02-25,808,13.333333333333334,9.666666666666666
2010-10-28,2,13.333333333333334,5.0
2010-08-29,810,13.333333333333334,19.2
2010-08-29,12,13.333333333333334,7.8
2010-08-29,36,13.333333333333334,12.5
2011-04-26,29,13.333333333333334,11.0
2016-05-29,829,13.333333333333334,6.5
2016-03-30,17,13.333333333333334,13.0
2016-01-30,827,13.333333333333334,17.0
2016-01-30,824,13.333333333333334,12.0
2016-01-30,0,13.333333333333334,2.0
2015-08-03,2,13.333333333333334,6.25
2015-04-05,3,13.333333333333334,15.5
2015-04-05,807,13.333333333333334,14.75
2015-04-05,831,13.333333333333334,12.75
2014-10-07,19,13.333333333333334,7.0
2014-10-07,153,13.333333333333334,14.5
2014-06-09,823,13.333333333333334,14.75
2014-04-10,825,13.333333333333334,14.75
2014-04-10,7,13.333333333333334,9.25
2014-02-09,7,13.333333333333334,9.666666666666666
2014-02-09,825,13.333333333333334,10.0
2013-10-12,153,13.333333333333334,6.8
2013-10-12,19,13.333333333333334,1.0
2013-08-13,2,13.333333333333334,5.25
2013-06-14,17,13.333333333333334,8.666666666666666
2013-02-14,19,13.333333333333334,2.6666666666666665
2013-02-14,153,13.333333333333334,8.333333333333334
2012-10-17,814,13.333333333333334,18.5
2012-10-17,4,13.333333333333334,15.75
2012-08-18,38,13.333333333333334,20.4
2012-08-18,807,13.333333333333334,10.4
2012-08-18,3,13.333333333333334,10.8
2012-02-20,816,13.333333333333334,12.666666666666666
2011-08-24,0,13.333333333333334,7.6
2016-05-29,836,13.333333333333334,18.0
2013-06-14,813,13.333333333333334,12.666666666666666
2013-06-14,812,13.333333333333334,12.0
2011-08-24,16,13.333333333333334,6.4
2011-04-26,815,13.333333333333334,17.5
2011-04-26,12,13.333333333333334,15.0
2011-04-26,36,13.333333333333334,12.0
2010-10-28,809,13.333333333333334,20.5
2010-10-28,807,13.333333333333334,12.0
2010-10-28,152,13.333333333333334,10.0
2010-10-28,3,13.333333333333334,5.0
2010-03-02,23,13.333333333333334,14.75
2010-03-02,4,13.333333333333334,15.0
2011-06-25,15,13.333333333333334,10.0
2010-08-29,29,13.333333333333334,7.8
2016-05-29,827,13.333333333333334,17.333333333333332
2016-05-29,824,13.333333333333334,15.833333333333334
2016-05-29,0,13.333333333333334,1.6666666666666667
2016-01-30,829,13.333333333333334,10.0
2015-04-05,821,13.333333333333334,7.0
2015-04-05,12,13.333333333333334,9.0
2015-02-04,2,13.333333333333334,2.5
2014-10-07,825,13.333333333333334,15.0
2014-10-07,7,13.333333333333334,9.75
2014-08-08,2,13.333333333333334,6.75
2014-06-09,17,13.333333333333334,8.25
2014-04-10,153,13.333333333333334,13.0
2014-04-10,19,13.333333333333334,8.0
2014-02-09,19,13.333333333333334,9.0
2014-02-09,153,13.333333333333334,12.666666666666666
2013-10-12,7,13.333333333333334,11.333333333333334
2013-06-14,823,13.333333333333334,17.666666666666668
2013-04-15,2,13.333333333333334,5.25
2013-02-14,7,13.333333333333334,3.3333333333333335
2012-08-18,36,13.333333333333334,18.4
2012-08-18,810,13.333333333333334,13.8
2012-08-18,12,13.333333333333334,4.6
2012-08-18,815,13.333333333333334,13.0
2012-06-19,4,13.333333333333334,16.75
2012-06-19,814,13.333333333333334,12.75
2012-02-20,808,13.333333333333334,17.666666666666668
2012-02-20,818,13.333333333333334,18.333333333333332
2012-02-20,817,13.333333333333334,11.666666666666666
2011-10-23,9,13.333333333333334,22.0
2011-10-23,17,13.333333333333334,2.6666666666666665
2016-01-30,836,13.333333333333334,19.0
2014-06-09,812,13.333333333333334,13.5
2011-10-23,812,13.333333333333334,19.666666666666668
2011-10-23,813,13.333333333333334,10.0
2011-08-24,15,13.333333333333334,11.2
2011-06-25,0,13.333333333333334,3.25
2011-04-26,3,13.333333333333334,8.0
2011-04-26,38,13.333333333333334,18.25
2011-04-26,152,13.333333333333334,15.0
2011-02-25,814,13.333333333333334,20.0
2011-02-25,23,13.333333333333334,21.0
2011-02-25,4,13.333333333333334,16.333333333333332
2010-10-28,810,13.333333333333334,20.0
2010-10-28,12,13.333333333333334,12.5
2010-08-29,2,13.333333333333334,11.4
2010-06-30,9,13.333333333333334,17.333333333333332
2010-06-30,17,13.333333333333334,5.666666666666667
2010-05-01,9,13.333333333333334,19.2
2010-05-01,17,13.333333333333334,7.0
2011-06-25,16,13.333333333333334,3.5
2010-08-29,28,13.333333333333334,17.5
2010-06-30,14,13.333333333333334,18.0
2010-06-30,154,13.333333333333334,8.666666666666666
2010-05-01,14,13.333333333333334,19.6
2010-05-01,154,13.333333333333334,14.4
2014-06-09,154,13.333333333333334,16.25
2011-10-23,14,13.333333333333334,18.333333333333332
2011-10-23,154,13.333333333333334,14.333333333333334
2016-05-29,834,13.333333333333334,16.666666666666668
2016-03-30,816,13.333333333333334,5.75
2016-01-30,2,13.333333333333334,1.0
2015-08-03,827,13.333333333333334,11.0
2015-08-03,0,13.333333333333334,5.25
2015-04-05,825,13.333333333333334,10.5
2015-04-05,7,13.333333333333334,4.25
2015-02-04,829,13.333333333333334,10.0
2014-10-07,821,13.333333333333334,5.25
2014-10-07,12,13.333333333333334,5.0
2014-06-09,817,13.333333333333334,13.0
2014-04-10,807,13.333333333333334,6.5
2014-04-10,3,13.333333333333334,4.75
2014-02-09,807,13.333333333333334,5.333333333333333
2014-02-09,3,13.333333333333334,5.666666666666667
2013-10-12,821,13.333333333333334,15.4
2013-10-12,12,13.333333333333334,8.4
2013-08-13,0,13.333333333333334,5.5
2013-06-14,816,13.333333333333334,11.0
2013-02-14,821,13.333333333333334,12.666666666666666
2013-02-14,12,13.333333333333334,5.0
2012-08-18,7,13.333333333333334,5.0
2012-02-20,9,13.333333333333334,16.666666666666668
2012-02-20,17,13.333333333333334,5.666666666666667
2011-10-23,808,13.333333333333334,11.333333333333334
2011-08-24,2,13.333333333333334,10.8
2015-08-03,833,13.333333333333334,16.0
2014-08-08,15,13.333333333333334,17.25
2013-08-13,16,13.333333333333334,11.0
2013-04-15,15,13.333333333333334,10.25
2012-02-20,813,13.333333333333334,9.666666666666666
2012-02-20,812,13.333333333333334,13.333333333333334
2011-04-26,19,13.333333333333334,1.25
2011-04-26,66,13.333333333333334,10.75
2011-02-25,1,13.333333333333334,9.0
2010-08-29,31,13.333333333333334,20.0
2010-06-30,808,13.333333333333334,9.333333333333334
2010-05-01,808,13.333333333333334,14.0
2010-03-02,21,13.333333333333334,10.5
2011-06-25,29,13.333333333333334,14.0
2010-08-29,15,13.333333333333334,12.8
2010-06-30,811,13.333333333333334,19.0
2010-05-01,811,13.333333333333334,18.2
2012-02-20,154,13.333333333333334,13.0
2016-05-29,2,13.333333333333334,3.6666666666666665
2016-01-30,834,13.333333333333334,11.0
2015-10-02,830,13.333333333333334,12.0
2015-10-02,832,13.333333333333334,16.0
2015-10-02,814,13.333333333333334,6.6
2015-08-03,829,13.333333333333334,9.25
2015-06-04,814,13.333333333333334,12.0
2015-06-04,832,13.333333333333334,14.75
2015-06-04,830,13.333333333333334,14.5
2015-04-05,153,13.333333333333334,8.5
2015-04-05,19,13.333333333333334,3.25
2015-02-04,827,13.333333333333334,13.5
2015-02-04,0,13.333333333333334,1.5
2015-02-04,824,13.333333333333334,17.0
2014-10-07,807,13.333333333333334,10.5
2014-10-07,3,13.333333333333334,6.75
2014-08-08,827,13.333333333333334,17.25
2014-08-08,824,13.333333333333334,11.5
2014-08-08,0,13.333333333333334,5.5
2014-06-09,816,13.333333333333334,4.5
2014-04-10,12,13.333333333333334,11.75
2014-04-10,821,13.333333333333334,8.75
2014-02-09,12,13.333333333333334,11.333333333333334
2014-02-09,821,13.333333333333334,7.0
2013-10-12,3,13.333333333333334,5.6
2013-10-12,807,13.333333333333334,10.6
2013-06-14,818,13.333333333333334,15.666666666666666
2013-06-14,817,13.333333333333334,18.0
2013-06-14,822,13.333333333333334,16.666666666666668
2013-04-15,0,13.333333333333334,6.0
2013-02-14,3,13.333333333333334,8.333333333333334
2013-02-14,807,13.333333333333334,13.333333333333334
2012-08-18,19,13.333333333333334,5.4
2012-08-18,153,13.333333333333334,14.25
2012-04-20,4,13.333333333333334,16.0
2012-04-20,814,13.333333333333334,11.25
2011-10-23,816,13.333333333333334,19.666666666666668
2013-08-13,15,13.333333333333334,13.75
2013-04-15,16,13.333333333333334,4.75
2011-08-24,29,13.333333333333334,12.6
2011-06-25,2,13.333333333333334,7.25
2011-02-25,21,13.333333333333334,17.0
2010-10-28,66,13.333333333333334,14.0
2010-10-28,19,13.333333333333334,1.0
2010-10-28,8,13.333333333333334,7.0
2010-08-29,0,13.333333333333334,10.0
2010-08-29,16,13.333333333333334,7.2
