driverId,results,qualifying,standings,owned_rows,driver_incident_edges,owned_incident_edges
0,322,322,322,967,966,2576
1,184,140,194,519,518,1360
2,206,206,206,619,618,1648
3,370,353,372,1096,1095,2913
4,112,112,111,336,335,894
5,36,36,35,108,107,286
6,27,27,35,90,89,232
7,352,321,353,1027,1026,2725
8,99,99,105,304,303,804
9,95,94,102,292,291,771
10,91,76,106,274,273,713
11,28,28,33,90,89,234
12,271,257,275,804,803,2134
13,247,165,239,652,651,1714
14,256,186,250,693,692,1826
15,128,128,126,383,382,1020
16,217,202,212,632,631,1681
17,309,263,321,894,893,2358
18,24,22,52,99,98,242
19,300,299,299,899,898,2395
20,231,155,229,616,615,1616
21,326,226,308,861,860,2272
22,180,107,181,469,468,1223
23,81,81,93,256,255,672
24,69,34,89,193,192,487
25,28,28,34,91,90,236
26,46,46,51,144,143,378
27,1,1,0,3,2,6
28,21,21,19,62,61,164
29,308,192,313,814,813,2126
30,95,64,101,261,260,679
31,51,51,60,163,162,426
32,37,37,37,112,111,296
33,4,4,16,25,24,56
34,165,83,156,405,404,1056
35,7,7,12,27,26,66
36,107,54,136,298,297,755
37,11,11,11,34,33,88
38,48,47,57,153,152,399
39,11,11,19,42,41,104
40,38,11,53,103,102,253
41,20,20,25,66,65,170
42,28,28,33,90,89,234
43,158,92,154,405,404,1058
44,14,14,18,47,46,120
45,18,18,17,54,53,142
46,20,20,20,61,60,160
47,36,10,44,91,90,226
48,159,81,162,403,402,1044
49,107,57,118,283,282,728
50,16,16,12,45,44,120
51,14,14,15,44,43,114
52,5,5,5,16,15,40
53,15,0,25,41,40,95
54,202,62,195,460,459,1182
55,147,64,146,358,357,925
56,165,62,162,390,389,1005
57,26,5,25,57,56,143
58,29,2,25,57,56,143
59,21,4,32,58,57,139
60,3,1,3,8,7,18
61,16,3,18,38,37,93
62,111,50,110,272,271,703
63,99,48,87,235,234,615
64,165,63,168,397,396,1020
65,17,2,16,36,35,89
66,55,55,55,166,165,440
67,32,10,30,73,72,186
68,58,25,66,150,149,381
69,44,13,44,102,101,259
70,122,59,117,299,298,777
71,1,1,0,3,2,6
72,30,13,30,74,73,189
73,16,7,13,37,36,95
74,33,17,31,82,81,212
75,25,14,33,73,72,183
76,210,46,215,472,471,1198
77,75,7,103,186,185,452
78,97,48,90,236,235,615
79,1,0,0,2,1,3
80,70,27,89,187,186,469
81,4,3,9,17,16,39
82,32,18,43,94,93,236
83,165,33,171,370,369,936
84,28,21,43,93,92,233
85,10,4,5,20,19,52
86,63,30,65,159,158,409
87,88,7,111,207,206,507
88,18,18,14,51,50,136
89,74,17,69,161,160,411
90,42,9,56,108,107,265
91,84,15,89,189,188,475
92,7,7,19,34,33,80
93,123,24,129,277,276,699
94,192,6,220,419,418,1034
95,11,11,13,36,35,92
96,7,7,6,21,20,54
97,3,3,5,12,11,28
98,78,1,90,170,169,417
99,63,14,63,141,140,357
100,30,15,30,76,75,195
101,162,3,175,341,340,845
102,47,13,58,119,118,296
103,43,15,45,104,103,264
104,215,15,218,449,448,1126
105,10,9,16,36,35,89
106,3,2,16,22,21,47
107,27,2,29,59,58,145
108,70,7,81,159,158,393
109,214,10,216,441,440,1104
110,9,7,10,27,26,68
111,115,2,123,241,240,597
112,2,2,4,9,8,20
113,50,2,56,109,108,268
114,3,3,3,10,9,24
115,2,2,2,7,6,16
116,202,0,204,407,406,1014
117,162,0,166,329,328,818
118,257,0,260,518,517,1291
119,20,0,28,49,48,116
120,13,0,12,26,25,63
121,98,0,101,200,199,496
122,164,0,165,330,329,822
123,1,0,0,2,1,3
124,6,0,5,12,11,28
125,2,0,2,5,4,10
126,80,0,80,161,160,400
127,29,0,32,62,61,151
128,62,0,60,123,122,306
129,10,0,0,11,10,30
130,81,0,70,152,151,383
131,3,0,0,4,3,9
132,75,0,83,159,158,391
133,6,0,6,13,12,30
134,7,0,0,8,7,21
135,41,0,57,99,98,237
136,207,0,209,417,416,1039
137,80,0,80,161,160,400
138,40,0,40,81,80,200
139,103,0,138,242,241,585
140,20,0,32,53,52,124
141,13,0,16,30,29,71
142,4,0,8,13,12,28
143,2,0,2,5,4,10
144,77,0,80,158,157,391
145,32,0,48,81,80,192
146,15,0,18,34,33,81
147,22,0,32,55,54,130
148,14,0,16,31,30,74
149,2,0,16,19,18,38
150,15,0,26,42,41,97
151,82,0,99,182,181,444
152,46,46,46,139,138,368
153,181,181,184,547,546,1454
154,76,75,78,230,229,609
155,88,0,97,186,185,458
156,47,0,52,100,99,245
157,143,0,166,310,309,761
158,32,0,32,65,64,160
159,111,0,121,233,232,575
160,10,0,16,27,26,62
161,17,0,17,35,34,85
162,164,0,184,349,348,860
163,7,0,16,24,23,53
164,21,0,21,43,42,105
165,54,0,54,109,108,270
166,21,0,31,53,52,125
167,2,0,18,21,20,42
168,12,0,16,29,28,68
169,71,0,77,149,148,367
170,2,0,6,9,8,18
171,180,0,191,372,371,922
172,110,0,122,233,232,574
173,16,0,16,33,32,80
174,122,0,126,249,248,618
175,88,0,103,192,191,470
176,128,0,129,258,257,642
177,117,0,134,252,251,619
178,28,0,32,61,60,148
179,9,0,10,20,19,47
180,55,0,65,121,120,295
181,174,0,187,362,361,896
182,20,0,32,53,52,124
183,41,0,63,105,104,249
184,22,0,30,53,52,126
185,9,0,14,24,23,55
186,154,0,162,317,316,786
187,23,0,31,55,54,131
188,8,0,13,22,21,50
189,18,0,26,45,44,106
190,5,0,14,20,19,43
191,32,0,46,79,78,188
192,15,0,15,31,30,75
193,37,0,46,84,83,203
194,29,0,31,61,60,149
195,30,0,31,62,61,152
196,143,0,168,312,311,765
197,3,0,10,14,13,29
198,146,0,165,312,311,768
199,114,0,130,245,244,602
200,15,0,28,44,43,101
201,72,0,76,149,148,368
202,68,0,84,153,152,372
203,8,0,16,25,24,56
204,37,0,47,85,84,205
205,64,0,73,138,137,338
206,129,0,172,302,301,731
207,14,0,48,63,62,138
208,12,0,34,47,46,104
209,5,0,5,11,10,25
210,37,0,41,79,78,193
211,58,0,64,123,122,302
212,17,0,17,35,34,85
213,2,0,17,20,19,40
214,4,0,15,20,19,42
215,13,0,15,29,28,69
216,11,0,30,42,41,93
217,1,0,14,16,15,31
218,55,0,77,133,132,319
219,2,0,13,16,15,32
220,95,0,114,210,209,513
221,113,0,121,235,234,581
222,138,0,154,293,292,722
223,149,0,152,302,301,751
224,7,0,14,22,21,49
225,1,0,11,13,12,25
226,2,0,10,13,12,26
227,1,0,7,9,8,17
228,29,0,44,74,73,175
229,78,0,83,162,161,400
230,93,0,103,197,196,485
231,84,0,108,193,192,468
232,81,0,82,164,163,407
233,3,0,11,15,14,31
234,121,0,156,278,277,675
235,5,0,8,14,13,31
236,20,0,21,42,41,102
237,123,0,127,251,250,623
238,42,0,49,92,91,224
239,6,0,19,26,25,56
240,5,0,20,26,25,55
241,3,0,24,28,27,57
242,61,0,79,141,140,341
243,3,0,11,15,14,31
244,6,0,20,27,26,58
245,15,0,28,44,43,101
246,5,0,9,15,14,33
247,1,0,3,5,4,9
248,2,0,2,5,4,10
249,73,0,88,162,161,395
250,20,0,57,78,77,174
251,42,0,58,101,100,242
252,6,0,33,40,39,84
253,7,0,35,43,42,91
254,32,0,32,65,64,160
255,15,0,34,50,49,113
256,7,0,20,28,27,61
257,13,0,25,39,38,89
258,11,0,29,41,40,91
259,5,0,18,24,23,51
260,1,0,11,13,12,25
261,51,0,74,126,125,301
262,2,0,10,13,12,26
263,1,0,8,10,9,19
264,16,0,35,52,51,118
265,1,0,8,10,9,19
266,12,0,27,40,39,90
267,1,0,7,9,8,17
268,4,0,18,23,22,48
269,11,0,31,43,42,95
270,6,0,17,24,23,52
271,1,0,1,3,2,5
272,2,0,2,5,4,10
273,2,0,2,5,4,10
274,17,0,34,52,51,119
275,12,0,27,40,39,90
276,8,0,16,25,24,56
277,106,0,144,251,250,606
278,1,0,13,15,14,29
279,59,0,77,137,136,331
280,1,0,10,12,11,23
281,2,0,17,20,19,40
282,8,0,28,37,36,80
283,4,0,7,12,11,26
284,3,0,4,8,7,17
285,1,0,2,4,3,7
286,1,0,1,3,2,5
287,15,0,18,34,33,81
288,179,0,196,376,375,929
289,38,0,39,78,77,192
290,1,0,12,14,13,27
291,3,0,38,42,41,85
292,13,0,106,120,119,251
293,10,0,11,22,21,52
294,6,0,11,18,17,40
295,15,0,30,46,45,105
296,2,0,10,13,12,26
297,9,0,32,42,41,91
298,2,0,7,10,9,20
299,2,0,11,14,13,28
300,1,0,5,7,6,13
301,2,0,5,8,7,16
302,1,0,3,5,4,9
303,112,0,118,231,230,572
304,51,0,69,121,120,291
305,87,0,97,185,184,455
306,39,0,53,93,92,223
307,4,0,15,20,19,42
308,31,0,53,85,84,199
309,2,0,14,17,16,34
310,4,0,13,18,17,38
311,13,0,50,64,63,139
312,13,0,20,34,33,79
313,36,0,41,78,77,190
314,2,0,11,14,13,28
315,6,0,11,18,17,40
316,23,0,43,67,66,155
317,1,0,9,11,10,21
318,3,0,7,11,10,23
319,30,0,40,71,70,170
320,14,0,37,52,51,116
321,7,0,15,23,22,51
322,1,0,4,6,5,11
323,3,0,4,8,7,17
324,1,0,3,5,4,9
325,2,0,2,5,4,10
326,47,0,47,95,94,235
327,100,0,104,205,204,508
328,29,0,31,61,60,149
329,17,0,33,51,50,117
330,1,0,14,16,15,31
331,12,0,13,26,25,62
332,36,0,60,97,96,228
333,4,0,46,51,50,104
334,2,0,7,10,9,20
335,1,0,7,9,8,17
336,9,0,16,26,25,59
337,11,0,19,31,30,71
338,9,0,35,45,44,97
339,10,0,84,95,94,198
340,112,0,126,239,238,588
341,6,0,11,18,17,40
342,3,0,8,12,11,25
343,2,0,2,5,4,10
344,54,0,71,126,125,304
345,100,0,105,206,205,510
346,109,0,138,248,247,603
347,1,0,7,9,8,17
348,1,0,7,9,8,17
349,13,0,21,35,34,81
350,18,0,37,56,55,128
351,13,0,17,31,30,73
352,11,0,24,36,35,81
353,2,0,2,5,4,10
354,1,0,1,3,2,5
355,129,0,144,274,273,675
356,15,0,20,36,35,85
357,62,0,70,133,132,326
358,12,0,36,49,48,108
359,103,0,124,228,227,557
360,29,0,45,75,74,177
361,4,0,35,40,39,82
362,4,0,10,15,14,32
363,87,0,102,190,189,465
364,3,0,16,20,19,41
365,1,0,2,4,3,7
366,1,0,2,4,3,7
367,6,0,46,53,52,110
368,2,0,23,26,25,52
369,17,0,38,56,55,127
370,2,0,4,7,6,14
371,1,0,3,5,4,9
372,73,0,86,160,159,391
373,36,0,52,89,88,212
374,13,0,38,52,51,115
375,19,0,57,77,76,171
376,2,0,12,15,14,30
377,1,0,6,8,7,15
378,2,0,10,13,12,26
379,9,0,20,30,29,67
380,1,0,2,4,3,7
381,8,0,9,18,17,42
382,26,0,46,73,72,170
383,1,0,11,13,12,25
384,44,0,63,108,107,258
385,54,0,74,129,128,310
386,7,0,21,29,28,63
387,10,0,15,26,25,60
388,13,0,17,31,30,73
389,2,0,6,9,8,18
390,1,0,5,7,6,13
391,2,0,4,7,6,14
392,1,0,4,6,5,11
393,26,0,43,70,69,164
394,1,0,1,3,2,5
395,9,0,11,21,20,49
396,15,0,33,49,48,111
397,2,0,10,13,12,26
398,5,0,13,19,18,41
399,2,0,6,9,8,18
400,29,0,47,77,76,181
401,3,0,9,13,12,27
402,52,0,65,118,117,286
403,55,0,64,120,119,293
404,11,0,16,28,27,65
405,3,0,10,14,13,29
406,2,0,11,14,13,28
407,27,0,43,71,70,167
408,2,0,11,14,13,28
409,3,0,12,16,15,33
410,3,0,12,16,15,33
411,2,0,11,14,13,28
412,3,0,12,16,15,33
413,1,0,10,12,11,23
414,1,0,10,12,11,23
415,1,0,10,12,11,23
416,1,0,10,12,11,23
417,46,0,67,114,113,272
418,1,0,6,8,7,15
419,7,0,18,26,25,57
420,1,0,6,8,7,15
421,1,0,6,8,7,15
422,5,0,17,23,22,49
423,4,0,14,19,18,40
424,5,0,13,19,18,41
425,1,0,3,5,4,9
426,87,0,121,209,208,503
427,6,0,29,36,35,76
428,15,0,43,59,58,131
429,31,0,61,93,92,215
430,7,0,20,28,27,61
431,5,0,14,20,19,43
432,4,0,6,11,10,24
433,6,0,8,15,14,34
434,12,0,30,43,42,96
435,5,0,20,26,25,55
436,26,0,43,70,69,164
437,10,0,15,26,25,60
438,5,0,23,29,28,61
439,12,0,14,27,26,64
440,4,0,14,19,18,40
441,2,0,8,11,10,22
442,1,0,4,6,5,11
443,3,0,9,13,12,27
444,2,0,8,11,10,22
445,2,0,10,13,12,26
446,2,0,6,9,8,18
447,1,0,3,5,4,9
448,12,0,74,87,86,184
449,1,0,3,5,4,9
450,1,0,2,4,3,7
451,1,0,2,4,3,7
452,120,119,121,361,360,959
453,11,0,15,27,26,63
454,6,0,11,18,17,40
455,13,0,27,41,40,93
456,51,0,71,123,122,295
457,1,0,9,11,10,21
458,1,0,9,11,10,21
459,9,0,21,31,30,69
460,5,0,11,17,16,37
461,2,0,7,10,9,20
462,3,0,12,16,15,33
463,3,0,5,9,8,19
464,3,0,5,9,8,19
465,7,0,18,26,25,57
466,1,0,4,6,5,11
467,2,0,5,8,7,16
468,2,0,3,6,5,12
469,1,0,2,4,3,7
470,1,0,2,4,3,7
471,1,0,1,3,2,5
472,1,0,1,3,2,5
473,1,0,1,3,2,5
474,1,0,1,3,2,5
475,73,0,91,165,164,401
476,28,0,46,75,74,176
477,18,0,37,56,55,128
478,20,0,42,63,62,144
479,41,0,50,92,91,223
480,4,0,8,13,12,28
481,10,0,20,31,30,70
482,17,0,35,53,52,121
483,15,0,48,64,63,141
484,9,0,26,36,35,79
485,1,0,5,7,6,13
486,13,0,29,43,42,97
487,2,0,4,7,6,14
488,1,0,3,5,4,9
489,2,0,3,6,5,12
490,1,0,3,5,4,9
491,2,0,4,7,6,14
492,1,0,2,4,3,7
493,1,0,1,3,2,5
494,2,0,9,12,11,24
495,1,0,1,3,2,5
496,12,0,62,75,74,160
497,1,0,10,12,11,23
498,29,0,66,96,95,219
499,1,0,10,12,11,23
500,4,0,10,15,14,32
501,64,0,92,157,156,376
502,7,0,20,28,27,61
503,1,0,10,12,11,23
504,1,0,10,12,11,23
505,4,0,14,19,18,40
506,9,0,24,34,33,75
507,6,0,9,16,15,36
508,4,0,9,14,13,30
509,12,0,69,82,81,174
510,3,0,24,28,27,57
511,2,0,16,19,18,38
512,9,0,57,67,66,141
513,9,0,64,74,73,155
514,5,0,36,42,41,87
515,1,0,8,10,9,19
516,5,0,36,42,41,87
517,2,0,16,19,18,38
518,10,0,56,67,66,142
519,3,0,21,25,24,51
520,9,0,56,66,65,139
521,7,0,38,46,45,97
522,2,0,16,19,18,38
523,3,0,21,25,24,51
524,1,0,8,10,9,19
525,9,0,64,74,73,155
526,9,0,53,63,62,133
527,4,0,30,35,34,72
528,8,0,57,66,65,138
529,13,0,76,90,89,191
530,1,0,8,10,9,19
531,3,0,24,28,27,57
532,4,0,25,30,29,62
533,6,0,41,48,47,100
534,2,0,15,18,17,36
535,2,0,16,19,18,38
536,3,0,24,28,27,57
537,5,0,35,41,40,85
538,5,0,33,39,38,81
539,2,0,16,19,18,38
540,2,0,11,14,13,28
541,15,0,39,55,54,123
542,3,0,10,14,13,29
543,4,0,14,19,18,40
544,1,0,2,4,3,7
545,1,0,2,4,3,7
546,1,0,2,4,3,7
547,18,0,35,54,53,124
548,1,0,1,3,2,5
549,6,0,21,28,27,60
550,1,0,9,11,10,21
551,5,0,19,25,24,53
552,1,0,9,11,10,21
553,2,0,19,22,21,44
554,57,0,67,125,124,305
555,9,0,54,64,63,135
556,7,0,41,49,48,103
557,1,0,8,10,9,19
558,5,0,33,39,38,81
559,6,0,40,47,46,98
560,3,0,22,26,25,53
561,3,0,19,23,22,47
562,4,0,28,33,32,68
563,4,0,27,32,31,66
564,2,0,16,19,18,38
565,3,0,22,26,25,53
566,9,0,13,23,22,53
567,3,0,6,10,9,21
568,1,0,6,8,7,15
569,1,0,5,7,6,13
570,1,0,5,7,6,13
571,1,0,5,7,6,13
572,1,0,1,3,2,5
573,2,0,9,12,11,24
574,1,0,1,3,2,5
575,1,0,1,3,2,5
576,1,0,1,3,2,5
577,26,0,44,71,70,166
578,48,0,55,104,103,254
579,58,0,67,126,125,308
580,14,0,21,36,35,84
581,37,0,49,87,86,209
582,1,0,10,12,11,23
583,7,0,18,26,25,57
584,1,0,10,12,11,23
585,2,0,13,16,15,32
586,9,0,27,37,36,81
587,1,0,10,12,11,23
588,1,0,10,12,11,23
589,17,0,43,61,60,137
590,14,0,17,32,31,76
591,1,0,8,10,9,19
592,6,0,40,47,46,98
593,10,0,60,71,70,150
594,3,0,20,24,23,49
595,2,0,14,17,16,34
596,5,0,33,39,38,81
597,5,0,33,39,38,81
598,1,0,8,10,9,19
599,1,0,8,10,9,19
600,1,0,4,6,5,11
601,2,0,7,10,9,20
602,1,0,1,3,2,5
603,1,0,1,3,2,5
604,1,0,1,3,2,5
605,1,0,1,3,2,5
606,6,0,12,19,18,42
607,9,0,21,31,30,69
608,17,0,23,41,40,97
609,12,0,30,43,42,96
610,3,0,8,12,11,25
611,9,0,52,62,61,131
612,11,0,47,59,58,127
613,4,0,22,27,26,56
614,1,0,6,8,7,15
615,8,0,52,61,60,128
616,1,0,6,8,7,15
617,1,0,5,7,6,13
618,1,0,5,7,6,13
619,7,0,28,36,35,77
620,10,0,23,34,33,76
621,1,0,3,5,4,9
622,6,0,14,21,20,46
623,2,0,15,18,17,36
624,8,0,10,19,18,44
625,7,0,29,37,36,79
626,29,0,47,77,76,181
627,39,0,52,92,91,221
628,5,0,34,40,39,83
629,3,0,20,24,23,49
630,4,0,26,31,30,64
631,2,0,11,14,13,28
632,11,0,30,42,41,93
633,35,0,43,79,78,191
634,1,0,5,7,6,13
635,1,0,4,6,5,11
636,1,0,3,5,4,9
637,1,0,3,5,4,9
638,3,0,4,8,7,17
639,1,0,2,4,3,7
640,23,0,40,64,63,149
641,18,0,28,47,46,110
642,37,0,48,86,85,207
643,17,0,23,41,40,97
644,9,0,15,25,24,57
645,5,0,12,18,17,39
646,1,0,7,9,8,17
647,36,0,43,80,79,194
648,12,0,13,26,25,62
649,2,0,16,19,18,38
650,5,0,12,18,17,39
651,15,0,27,43,42,99
652,1,0,6,8,7,15
653,6,0,33,40,39,84
654,5,0,33,39,38,81
655,3,0,21,25,24,51
656,4,0,28,33,32,68
657,5,0,35,41,40,85
658,6,0,40,47,46,98
659,5,0,26,32,31,67
660,25,0,32,58,57,139
661,4,0,14,19,18,40
662,1,0,2,4,3,7
663,16,0,23,40,39,94
664,7,0,13,21,20,47
665,2,0,7,10,9,20
666,3,0,13,17,16,35
667,2,0,2,5,4,10
668,1,0,1,3,2,5
669,19,0,30,50,49,117
670,12,0,20,33,32,76
671,1,0,9,11,10,21
672,2,0,9,12,11,24
673,3,0,23,27,26,55
674,1,0,8,10,9,19
675,4,0,30,35,34,72
676,1,0,8,10,9,19
677,4,0,28,33,32,68
678,1,0,8,10,9,19
679,2,0,16,19,18,38
680,7,0,13,21,20,47
681,2,0,12,15,14,30
682,1,0,5,7,6,13
683,1,0,5,7,6,13
684,1,0,5,7,6,13
685,1,0,5,7,6,13
686,7,0,21,29,28,63
687,12,0,28,41,40,92
688,5,0,13,19,18,41
689,9,0,22,32,31,71
690,2,0,8,11,10,22
691,2,0,6,9,8,18
692,3,0,10,14,13,29
693,3,0,9,13,12,27
694,1,0,2,4,3,7
695,1,0,9,11,10,21
696,1,0,9,11,10,21
697,17,0,20,38,37,91
698,1,0,9,11,10,21
699,3,0,22,26,25,53
700,2,0,15,18,17,36
701,2,0,13,16,15,32
702,5,0,23,29,28,61
703,2,0,12,15,14,30
704,13,0,25,39,38,89
705,2,0,8,11,10,22
706,1,0,4,6,5,11
707,1,0,4,6,5,11
708,5,0,12,18,17,39
709,2,0,6,9,8,18
710,2,0,6,9,8,18
711,1,0,3,5,4,9
712,2,0,6,9,8,18
713,1,0,3,5,4,9
714,1,0,3,5,4,9
715,2,0,6,9,8,18
716,1,0,3,5,4,9
717,4,0,11,16,15,34
718,1,0,3,5,4,9
719,1,0,2,4,3,7
720,2,0,10,13,12,26
721,5,0,18,24,23,51
722,3,0,6,10,9,21
723,7,0,16,24,23,53
724,2,0,8,11,10,22
725,2,0,16,19,18,38
726,3,0,19,23,22,47
727,1,0,7,9,8,17
728,2,0,14,17,16,34
729,3,0,19,23,22,47
730,3,0,15,19,18,39
731,3,0,19,23,22,47
732,3,0,19,23,22,47
733,2,0,14,17,16,34
734,2,0,14,17,16,34
735,3,0,6,10,9,21
736,2,0,6,9,8,18
737,1,0,6,8,7,15
738,4,0,6,11,10,24
739,1,0,6,8,7,15
740,2,0,6,9,8,18
741,12,0,20,33,32,76
742,2,0,4,7,6,14
743,1,0,4,6,5,11
744,2,0,4,7,6,14
745,1,0,4,6,5,11
746,4,0,4,9,8,20
747,4,0,15,20,19,42
748,3,0,4,8,7,17
749,3,0,4,8,7,17
750,1,0,3,5,4,9
751,1,0,3,5,4,9
752,1,0,3,5,4,9
753,1,0,3,5,4,9
754,1,0,3,5,4,9
755,1,0,3,5,4,9
756,3,0,7,11,10,23
757,1,0,3,5,4,9
758,1,0,2,4,3,7
759,2,0,2,5,4,10
760,1,0,1,3,2,5
761,1,0,1,3,2,5
762,5,0,9,15,14,33
763,5,0,9,15,14,33
764,3,0,9,13,12,27
765,2,0,9,12,11,24
766,2,0,12,15,14,30
767,1,0,7,9,8,17
768,2,0,12,15,14,30
769,1,0,7,9,8,17
770,2,0,12,15,14,30
771,2,0,12,15,14,30
772,2,0,12,15,14,30
773,6,0,9,16,15,36
774,3,0,8,12,11,25
775,1,0,5,7,6,13
776,2,0,11,14,13,28
777,1,0,4,6,5,11
778,2,0,11,14,13,28
779,1,0,4,6,5,11
780,3,0,7,11,10,23
781,1,0,2,4,3,7
782,1,0,1,3,2,5
783,1,0,1,3,2,5
784,2,0,7,10,9,20
785,2,0,7,10,9,20
786,8,0,12,21,20,48
787,3,0,7,11,10,23
788,1,0,7,9,8,17
789,2,0,7,10,9,20
790,1,0,7,9,8,17
791,1,0,1,3,2,5
792,1,0,6,8,7,15
793,5,0,6,12,11,27
794,1,0,5,7,6,13
795,1,0,5,7,6,13
796,1,0,5,7,6,13
797,2,0,13,16,15,32
798,1,0,5,7,6,13
799,2,0,13,16,15,32
800,1,0,4,6,5,11
801,1,0,2,4,3,7
802,1,0,1,3,2,5
803,1,0,5,7,6,13
804,1,0,8,10,9,19
805,1,0,8,10,9,19
806,1,0,8,10,9,19
807,196,195,227,619,618,1627
808,58,58,58,175,174,464
809,19,19,19,58,57,152
810,46,46,47,140,139,370
811,11,11,29,52,51,124
812,96,96,96,289,288,768
813,59,59,68,187,186,490
814,249,248,251,749,748,1993
815,20,20,27,68,67,174
816,234,233,234,702,701,1869
817,58,58,58,175,174,464
818,39,39,39,118,117,312
819,35,35,38,109,108,286
820,59,59,59,178,177,472
821,213,213,213,640,639,1704
822,19,19,19,58,57,152
823,34,34,38,107,106,280
824,154,153,172,480,479,1265
825,112,112,117,342,341,906
826,1,1,8,11,10,22
827,97,96,100,294,293,779
828,19,18,19,57,56,149
829,175,175,175,526,525,1400
830,40,40,40,121,120,320
831,175,174,175,525,524,1397
832,13,13,18,45,44,114
833,5,5,7,18,17,44
834,37,35,41,114,113,298
835,39,39,39,118,117,312
836,12,12,21,46,45,114
837,42,42,61,146,145,374
838,123,122,123,369,368,981
839,134,134,135,404,403,1074
840,62,61,80,204,203,529
841,25,25,25,76,75,200
842,115,115,115,346,345,920
843,21,21,21,64,63,168
844,94,94,94,283,282,752
845,94,94,94,283,282,752
846,71,70,72,214,213,567
847,61,61,61,184,183,488
848,2,2,2,7,6,16
849,1,1,2,5,4,10
850,56,56,56,169,168,448
851,22,22,22,67,66,176
852,44,43,44,132,131,349
853,34,34,34,103,102,272
854,11,11,19,42,41,104
855,12,12,12,37,36,96
856,12,12,12,37,36,96
